iter	MultiClass
0	1.607500512
1	1.606275923
2	1.604488082
3	1.603080152
4	1.602058971
5	1.601599048
6	1.601023236
7	1.599761884
8	1.598241111
9	1.597393068
